-- MySQL dump 10.13  Distrib 9.5.0, for Win64 (x86_64)
--
-- Host: 127.0.0.1    Database: rng_food
-- ------------------------------------------------------
-- Server version	9.5.0

/*!40101 SET @OLD_CHARACTER_SET_CLIENT=@@CHARACTER_SET_CLIENT */;
/*!40101 SET @OLD_CHARACTER_SET_RESULTS=@@CHARACTER_SET_RESULTS */;
/*!40101 SET @OLD_COLLATION_CONNECTION=@@COLLATION_CONNECTION */;
/*!50503 SET NAMES utf8 */;
/*!40103 SET @OLD_TIME_ZONE=@@TIME_ZONE */;
/*!40103 SET TIME_ZONE='+00:00' */;
/*!40014 SET @OLD_UNIQUE_CHECKS=@@UNIQUE_CHECKS, UNIQUE_CHECKS=0 */;
/*!40014 SET @OLD_FOREIGN_KEY_CHECKS=@@FOREIGN_KEY_CHECKS, FOREIGN_KEY_CHECKS=0 */;
/*!40101 SET @OLD_SQL_MODE=@@SQL_MODE, SQL_MODE='NO_AUTO_VALUE_ON_ZERO' */;
/*!40111 SET @OLD_SQL_NOTES=@@SQL_NOTES, SQL_NOTES=0 */;
SET @MYSQLDUMP_TEMP_LOG_BIN = @@SESSION.SQL_LOG_BIN;
SET @@SESSION.SQL_LOG_BIN= 0;

--
-- GTID state at the beginning of the backup 
--



--
-- Table structure for table `store`
--

DROP TABLE IF EXISTS `store`;
/*!40101 SET @saved_cs_client     = @@character_set_client */;
/*!50503 SET character_set_client = utf8mb4 */;
CREATE TABLE `store` (
  `store_id` int NOT NULL AUTO_INCREMENT,
  `Name` varchar(45) NOT NULL,
  `address` varchar(100) NOT NULL,
  `latitude` decimal(10,8) DEFAULT NULL,
  `longitude` decimal(11,8) DEFAULT NULL,
  `rating` decimal(3,1) DEFAULT NULL,
  PRIMARY KEY (`store_id`)
) ENGINE=InnoDB AUTO_INCREMENT=106 DEFAULT CHARSET=utf8mb3;
/*!40101 SET character_set_client = @saved_cs_client */;

--
-- Dumping data for table `store`
--

LOCK TABLES `store` WRITE;
/*!40000 ALTER TABLE `store` DISABLE KEYS */;
INSERT INTO `store` VALUES (1,'Q Burger','220新北市板橋區四川路二段121號1樓',24.99439360,121.45121590,4.0),(2,'舒肥底家','220新北市板橋區四川路二段99-1號',24.99479187,121.45256660,3.9),(3,'黃記小吃','220新北市板橋區四川路二段99-3號',24.99459122,121.45247970,4.7),(4,'避楓棠 私藏酒食','220新北市板橋區四川路二段93號',24.99488674,121.45284220,4.7),(5,'饅頭小村 手工包子饅頭','220新北市板橋區四川路二段85號',24.99497602,121.45301020,4.7),(6,'丸川烏龍麵','220新北市板橋區四川路二段83號',24.99493834,121.45303180,4.7),(7,'韓金智能拉麵店','220新北市板橋區四川路二段63號',24.99514732,121.45348980,4.8),(8,'原滷味','220新北市板橋區德興街6號',24.99489994,121.45329550,3.0),(9,'喜餃俱樂部','220新北市板橋區德興街6號',24.99493886,121.45333280,4.4),(10,'永亨蒜味鹹酥雞','220新北市板橋區德興街10號',24.99480509,121.45334850,4.4),(11,'拉亞漢堡','220新北市板橋區德興街3號',24.99493235,121.45345120,3.7),(12,'上海小吃 煎餅菓子','220新北市板橋區德興街5號',24.99483257,121.45345120,4.5),(13,'呷の堡','220新北市板橋區四川路二段81巷',24.99477657,121.45348810,3.4),(14,'甲霸緊睏','220新北市板橋區德興街12號',24.99468082,121.45329950,4.9),(15,'蒸手工小籠包','220新北市板橋區德興街13號',24.99459182,121.45344130,4.0),(16,'向陽晨間飲食館二館','220新北市板橋區四川路二段47巷4弄17號',24.99454167,121.45351040,4.2),(17,'熊愛飯丸','220新北市板橋區德興街17號 No',24.99447582,121.45342980,4.9),(18,'柴田家炒泡麵専売店','220新北市板橋區四川路二段99巷13號１樓',24.99449372,121.45312050,4.8),(19,'享時雞肉飯','220新北市板橋區四川路二段99巷4弄7號',24.99423847,121.45293310,4.3),(20,'食月午日 Brunch & Cafe','220新北市板橋區四川路二段99巷4弄3號',24.99419212,121.45308650,4.2),(21,'蒹葭油飯工作室','22061新北市板橋區四川路二段99巷4弄5號',24.99405542,121.45284590,4.9),(22,'18度C麻醬現做涼麵','220新北市板橋區德興街21號',24.99429134,121.45347930,4.0),(23,'煮鍋燒','220新北市板橋區四川路二段47巷4弄15號',24.99443038,121.45360080,4.6),(24,'古意人麵疙瘩','22061新北市板橋區四川路二段47巷4弄13號1樓',24.99446647,121.45378390,4.4),(25,'雪城麻辣燙','220新北市板橋區四川路二段47巷4弄8號',24.99475627,121.45381330,4.5),(26,'粩泰泰 泰式料理','220新北市板橋區四川路二段47巷4弄6號',24.99479247,121.45396200,4.1),(27,'壹咖啡','220新北市板橋區四川路二段47巷4弄3號',24.99571785,121.45427950,4.0),(28,'板橋北方牛肉麵','220新北市板橋區四川路二段47巷4弄4號',24.99489659,121.45405570,4.5),(29,'倫記餛飩麵','220新北市板橋區四川路二段47巷2弄4號',24.99522098,121.45374810,4.7),(30,'食饕園','220新北市板橋區四川路二段47巷2弄2號',24.99527457,121.45395540,4.3),(31,'GET POWER 給力盒子','220新北市板橋區四川路二段47巷1號',24.99537307,121.45411390,3.4),(32,'程記','220新北市板橋區四川路二段47巷1弄4號',24.99522653,121.45429570,4.2),(33,'COMEBUY 亞東科大店','220新北市板橋區四川路二段47巷1弄2號',24.99515940,121.45419160,4.1),(34,'清心福全','220新北市板橋區四川路二段47巷2弄1號24.99488654',24.99488654,121.45414950,3.9),(35,'相鯉紅豆餅','220新北市板橋區四川路二段47巷3弄1號',24.99567157,121.45408180,4.7),(36,'施家蚵碟','220新北市板橋區四川路二段47巷4弄21號',24.99493778,121.45408190,4.7),(37,'四海快餐','220新北市板橋區四川路二段47巷3弄3號',24.99499863,121.45439190,3.9),(38,'樂鬆餅Love Song','220新北市板橋區四川路二段47巷3弄7號',24.99503023,121.45441300,4.7),(39,'P.P.P Dessert 脆皮甜甜圈','220新北市板橋區四川路二段47巷3弄7號',24.99509441,121.45448040,4.8),(40,'金食堂55元起便當店','236新北市土城區廣明街',24.99474149,121.45461670,3.4),(41,'會上癮正宗深坑臭豆腐','236新北市土城區廣明街104巷1號',24.99471787,121.45463160,4.1),(42,'尚好水煎包','220新北市板橋區四川路二段47巷3弄12號',24.99534758,121.45456460,3.4),(43,'口內口咖哩飯丼飯拉麵','23656新北市土城區四川路29巷42號',24.99520970,121.45494670,3.9),(44,'91號咖喱','236新北市土城區廣明街91號',24.99457974,121.45462100,4.9),(45,'派克脆皮雞排','236新北市土城區廣明街87號',24.99458242,121.45469640,4.0),(46,'炸雞殿 No.100','236新北市土城區廣明街100號',24.99547976,121.45490190,4.8),(47,'鮮大廣東粥','236新北市土城區廣明街102號',24.99470006,121.45474690,3.9),(48,'魯肉松的店-瑞憶甜不辣','236新北市土城區廣明街98號',24.99464798,121.45473810,4.3),(49,'豆花伯','236新北市土城區廣明街94號',24.99469477,121.45482040,4.7),(50,'櫻花麵攤','236新北市土城區廣明街85巷4號',24.99443933,121.45462570,4.6),(51,'廣明85巷口小吃攤','236新北市土城區廣明街83號',24.99427374,121.45468930,4.0),(52,'肉焿·魷魚焿·羊肉焿·肉圓','236新北市土城區廣明街85巷2號',24.99443553,121.45461780,4.2),(53,'蒸食廣式腸粉','236新北市土城區廣明街88號',24.99445346,121.45487010,4.6),(54,'黑丸嫩仙草 土城廣明店','236新北市土城區廣明街84號',24.99440491,121.45488410,4.9),(55,'眼鏡豬血湯','236新北市土城區廣明街80號',24.99437028,121.45496030,4.0),(56,'小南鄭記台南碗粿','236新北市土城區廣明街81號',24.99431600,121.45472550,4.4),(57,'絕味重慶酸辣粉','236新北市土城區廣明街77號',24.99432367,121.45469970,4.4),(58,'就是煮鍋燒','236新北市土城區廣明街73號',24.99424448,121.45475660,4.3),(59,'東北 醬香餅','220新北市板橋區四川路二段47巷6弄1-2號',24.99447596,121.45414260,4.8),(60,'超大雞排','220新北市板橋區四川路二段47巷6弄1號',24.99443623,121.45431220,4.5),(61,'牛鼎麵食館','220新北市板橋區德興街23號',24.99437148,121.45364760,4.0),(62,'都來家早午餐','220新北市板橋區德興街35號',24.99457619,121.45323490,3.8),(63,'一三七港式燒臘','220新北市板橋區德興街37巷5號1樓',24.99415283,121.45374410,4.6),(64,'瑞億市場無名刨冰','220新北市板橋區德興街37巷3號',24.99411751,121.45375090,4.2),(65,'小蝸牛早餐店','220新北市板橋區德興街36號',24.99389914,121.45344580,4.3),(66,'麥味登','220新北市板橋區德興街39號',24.99396427,121.45361140,4.9),(67,'美晨早午餐','220新北市板橋區德興街37巷24號',24.99413553,121.45420190,3.8),(68,'善緣素食香菇麵線','220新北市板橋區四川路二段47巷8弄8號正對面',24.99434866,121.45420790,4.3),(69,'Vietnamese eatery','220新北市板橋區四川路二段47巷8弄4號',25.00335473,121.45330270,3.9),(70,'好了啦紅茶冰','236新北市土城區廣明街63巷32號',24.99421687,121.45422370,5.0),(71,'老福家常牛肉麵','236新北市土城區廣明街63巷28號',24.99335810,121.45397050,4.6),(72,'下玖才滷味','236新北市土城區廣明街73號一樓',24.99397017,121.45483830,4.9),(73,'魯先生原滷滷味','236新北市土城區廣明街71號',24.99391483,121.45487750,4.7),(74,'茶詠春','236新北市土城區廣明街69號',24.99386278,121.45490080,4.0),(75,'紅茶洋行','236新北市土城區廣明街79號',24.99407914,121.45480910,2.8),(76,'妙觀音素食','220新北市板橋區四川路二段35號',24.99551073,121.45422850,4.2),(77,'炸老大','220新北市板橋區四川路二段47巷',24.99531318,121.45404400,4.3),(78,'50嵐','22061新北市板橋區四川路二段41號',24.99556312,121.45419750,3.9),(79,'Octet Coffee Selection 八重奏咖啡沙龍','22061新北市板橋區四川路二段31號',24.99561853,121.45451540,4.5),(80,'鮮魂鍋（大呼過癮亞東店）','220新北市板橋區四川路二段42號',24.99552804,121.45360390,3.7),(81,'八方雲集','220新北市板橋區四川路二段40號',24.99622517,121.45362060,3.3),(82,'泰川泰式料理','220新北市板橋區四川路二段27號',24.99564558,121.45448950,4.2),(83,'邁爾堡早餐宵夜店','236新北市土城區四川路27號',24.99587073,121.45497290,4.0),(84,'赤崁羊肉爐','236新北市土城區四川路21號',24.99602029,121.45523260,4.2),(85,'健太屋','236新北市土城區四川路18號',24.99640670,121.45533640,4.1),(86,'爭厚厚切牛排','220新北市板橋區南雅南路二段164號',24.99635925,121.45128690,4.2),(87,'大波羅','220新北市板橋區南雅南路二段168巷',24.99563612,121.45121950,5.0),(88,'巨林美而美早餐店','220台灣板橋區南雅南路二段144巷22號',24.99585363,121.45062620,4.3),(89,'Apple203早午餐店','220新北市板橋區南雅南路二段144巷16號',24.99597258,121.45061920,3.8),(90,'東之寶便當','220新北市板橋區南雅南路二段144巷12號',24.99624407,121.45099120,4.1),(91,'蛋白盒子','220新北市板橋區南雅南路二段144巷10號',24.99621498,121.45098650,4.1),(92,'帝王堡','220新北市板橋區南雅南路二段144巷10號',24.99617023,121.45102810,3.8),(93,'Ethan\'s Italian(義式料理)','220新北市板橋區南雅南路二段144巷8號',24.99635582,121.45107610,4.3),(94,'吐司廚房','220新北市板橋區南雅南路二段144巷4號',25.00025908,121.45337080,3.9),(95,'龍興家傳鴨肉','220新北市板橋區南雅南路二段144巷4號',24.99701287,121.45093780,3.4),(96,'NU PASTA','220新北市板橋區南雅南路二段144巷2號',24.99654062,121.45155420,4.5),(97,'鄧食味麵食館','220新北市板橋區南雅南路二段142巷2號',24.99670007,121.45160770,3.8),(98,'COMEBUY_亞東醫院店','220新北市板橋區南雅南路二段138號',24.99678982,121.45174950,4.2),(99,'美術系壽司','220新北市板橋區南雅南路二段136號1樓',24.99686077,121.45176580,4.8),(100,'豐嘉西點麵包','220新北市板橋區南雅南路二段140號',24.99672552,121.45166320,2.9),(101,'忠將蔥抓餅 亞東店','220新北市板橋區南雅南路二段130號',24.99711002,121.45185090,3.2),(102,'Louisa Coffee 路易莎咖啡(亞東醫院門市）','22060新北市板橋區南雅南路二段130號',24.99769965,121.45193860,3.5),(103,'亞東豆漿店','220新北市板橋區南雅南路二段142巷10號',24.99735282,121.45193180,4.6),(104,'泰Tai-泰式料理','220新北市板橋區南雅南路二段142巷13號',24.99742907,121.45151550,4.5),(105,'mister donut 統一多拿滋','220新北市板橋區南雅南路二段17號B1',24.99854705,121.45237000,3.6);
/*!40000 ALTER TABLE `store` ENABLE KEYS */;
UNLOCK TABLES;

--
-- Table structure for table `store_style_map`
--

DROP TABLE IF EXISTS `store_style_map`;
/*!40101 SET @saved_cs_client     = @@character_set_client */;
/*!50503 SET character_set_client = utf8mb4 */;
CREATE TABLE `store_style_map` (
  `store_id` int NOT NULL,
  `style_id` int NOT NULL,
  PRIMARY KEY (`store_id`,`style_id`),
  KEY `style_id` (`style_id`),
  CONSTRAINT `store_style_map_ibfk_1` FOREIGN KEY (`store_id`) REFERENCES `store` (`store_id`),
  CONSTRAINT `store_style_map_ibfk_2` FOREIGN KEY (`style_id`) REFERENCES `style` (`style_id`)
) ENGINE=InnoDB DEFAULT CHARSET=utf8mb3;
/*!40101 SET character_set_client = @saved_cs_client */;

--
-- Dumping data for table `store_style_map`
--

LOCK TABLES `store_style_map` WRITE;
/*!40000 ALTER TABLE `store_style_map` DISABLE KEYS */;
INSERT INTO `store_style_map` VALUES (1,1),(5,1),(7,1),(11,1),(13,1),(15,1),(16,1),(17,1),(20,1),(22,1),(27,1),(30,1),(36,1),(42,1),(50,1),(51,1),(52,1),(53,1),(55,1),(59,1),(62,1),(66,1),(67,1),(68,1),(69,1),(83,1),(87,1),(88,1),(89,1),(92,1),(94,1),(100,1),(101,1),(102,1),(103,1),(105,1),(1,2),(2,2),(3,2),(5,2),(6,2),(7,2),(9,2),(11,2),(12,2),(13,2),(15,2),(16,2),(17,2),(18,2),(19,2),(20,2),(21,2),(22,2),(23,2),(24,2),(25,2),(26,2),(27,2),(28,2),(29,2),(30,2),(31,2),(32,2),(35,2),(36,2),(37,2),(38,2),(40,2),(42,2),(43,2),(44,2),(45,2),(46,2),(47,2),(48,2),(49,2),(50,2),(51,2),(52,2),(53,2),(54,2),(55,2),(56,2),(57,2),(58,2),(59,2),(61,2),(62,2),(63,2),(65,2),(66,2),(67,2),(68,2),(69,2),(70,2),(71,2),(73,2),(74,2),(75,2),(76,2),(77,2),(78,2),(79,2),(80,2),(81,2),(82,2),(85,2),(86,2),(87,2),(88,2),(89,2),(90,2),(91,2),(92,2),(93,2),(94,2),(95,2),(96,2),(97,2),(98,2),(99,2),(100,2),(101,2),(102,2),(103,2),(104,2),(105,2),(2,3),(3,3),(4,3),(6,3),(7,3),(8,3),(9,3),(14,3),(18,3),(19,3),(22,3),(23,3),(25,3),(26,3),(28,3),(29,3),(30,3),(31,3),(32,3),(35,3),(37,3),(38,3),(39,3),(40,3),(41,3),(42,3),(43,3),(44,3),(45,3),(46,3),(47,3),(48,3),(49,3),(51,3),(52,3),(54,3),(55,3),(56,3),(57,3),(58,3),(60,3),(61,3),(63,3),(64,3),(65,3),(69,3),(70,3),(71,3),(72,3),(73,3),(74,3),(75,3),(76,3),(77,3),(78,3),(79,3),(80,3),(81,3),(82,3),(84,3),(85,3),(86,3),(90,3),(91,3),(93,3),(95,3),(96,3),(97,3),(98,3),(99,3),(100,3),(101,3),(102,3),(104,3),(105,3),(4,4),(7,4),(8,4),(14,4),(39,4),(73,4),(83,4),(84,4),(2,5),(31,5),(91,5),(19,6),(37,6),(90,6),(3,7),(8,7),(10,7),(12,7),(14,7),(15,7),(21,7),(22,7),(24,7),(30,7),(32,7),(35,7),(36,7),(40,7),(41,7),(42,7),(45,7),(46,7),(48,7),(49,7),(50,7),(51,7),(52,7),(53,7),(54,7),(55,7),(56,7),(57,7),(58,7),(59,7),(60,7),(64,7),(65,7),(72,7),(73,7),(76,7),(77,7),(81,7),(87,7),(90,7),(95,7),(97,7),(101,7),(103,7),(4,8),(3,9),(5,9),(8,9),(9,9),(10,9),(12,9),(13,9),(14,9),(15,9),(16,9),(17,9),(18,9),(19,9),(20,9),(21,9),(22,9),(23,9),(24,9),(25,9),(28,9),(29,9),(30,9),(32,9),(36,9),(37,9),(40,9),(41,9),(42,9),(43,9),(44,9),(47,9),(48,9),(51,9),(52,9),(53,9),(55,9),(56,9),(57,9),(58,9),(59,9),(61,9),(66,9),(67,9),(68,9),(71,9),(72,9),(73,9),(76,9),(77,9),(80,9),(81,9),(83,9),(84,9),(86,9),(87,9),(88,9),(89,9),(90,9),(92,9),(94,9),(95,9),(97,9),(100,9),(101,9),(103,9),(2,10),(3,10),(6,10),(11,10),(16,10),(17,10),(19,10),(21,10),(26,10),(32,10),(37,10),(40,10),(43,10),(44,10),(47,10),(48,10),(51,10),(62,10),(90,10),(93,10),(96,10),(99,10),(3,11),(6,11),(7,11),(11,11),(18,11),(22,11),(23,11),(24,11),(25,11),(26,11),(28,11),(29,11),(32,11),(41,11),(43,11),(44,11),(48,11),(50,11),(51,11),(55,11),(56,11),(57,11),(58,11),(61,11),(62,11),(65,11),(68,11),(71,11),(83,11),(86,11),(93,11),(94,11),(96,11),(97,11),(43,12),(85,12),(99,12),(7,13),(7,14),(26,14),(43,14),(69,14),(82,14),(85,14),(93,14),(96,14),(99,14),(104,14),(9,15),(68,15),(76,15),(11,16),(20,16),(77,16),(27,17),(33,17),(34,17),(54,17),(64,17),(70,17),(74,17),(75,17),(78,17),(79,17),(98,17),(102,17),(35,18),(38,18),(39,18),(49,18),(54,18),(64,18),(79,18),(100,18),(102,18),(105,18);
/*!40000 ALTER TABLE `store_style_map` ENABLE KEYS */;
UNLOCK TABLES;

--
-- Table structure for table `style`
--

DROP TABLE IF EXISTS `style`;
/*!40101 SET @saved_cs_client     = @@character_set_client */;
/*!50503 SET character_set_client = utf8mb4 */;
CREATE TABLE `style` (
  `style_id` int NOT NULL,
  `style_name` varchar(45) NOT NULL,
  PRIMARY KEY (`style_id`)
) ENGINE=InnoDB DEFAULT CHARSET=utf8mb3;
/*!40101 SET character_set_client = @saved_cs_client */;

--
-- Dumping data for table `style`
--

LOCK TABLES `style` WRITE;
/*!40000 ALTER TABLE `style` DISABLE KEYS */;
INSERT INTO `style` VALUES (1,'早餐'),(2,'午餐'),(3,'晚餐'),(4,'宵夜'),(5,'健康餐盒'),(6,'便當'),(7,'小吃'),(8,'餐酒館'),(9,'中式'),(10,'飯食'),(11,'麵食'),(12,'日式'),(13,'韓式'),(14,'異國料理'),(15,'素食'),(16,'速食'),(17,'飲品'),(18,'甜點');
/*!40000 ALTER TABLE `style` ENABLE KEYS */;
UNLOCK TABLES;

--
-- Table structure for table `user`
--

DROP TABLE IF EXISTS `user`;
/*!40101 SET @saved_cs_client     = @@character_set_client */;
/*!50503 SET character_set_client = utf8mb4 */;
CREATE TABLE `user` (
  `user_id` varchar(10) NOT NULL,
  `password` varchar(10) DEFAULT NULL,
  PRIMARY KEY (`user_id`)
) ENGINE=InnoDB DEFAULT CHARSET=utf8mb3;
/*!40101 SET character_set_client = @saved_cs_client */;

--
-- Dumping data for table `user`
--

LOCK TABLES `user` WRITE;
/*!40000 ALTER TABLE `user` DISABLE KEYS */;
INSERT INTO `user` VALUES ('112111113','112111113'),('112111121','112111121'),('112111125','112111125');
/*!40000 ALTER TABLE `user` ENABLE KEYS */;
UNLOCK TABLES;
SET @@SESSION.SQL_LOG_BIN = @MYSQLDUMP_TEMP_LOG_BIN;
/*!40103 SET TIME_ZONE=@OLD_TIME_ZONE */;

/*!40101 SET SQL_MODE=@OLD_SQL_MODE */;
/*!40014 SET FOREIGN_KEY_CHECKS=@OLD_FOREIGN_KEY_CHECKS */;
/*!40014 SET UNIQUE_CHECKS=@OLD_UNIQUE_CHECKS */;
/*!40101 SET CHARACTER_SET_CLIENT=@OLD_CHARACTER_SET_CLIENT */;
/*!40101 SET CHARACTER_SET_RESULTS=@OLD_CHARACTER_SET_RESULTS */;
/*!40101 SET COLLATION_CONNECTION=@OLD_COLLATION_CONNECTION */;
/*!40111 SET SQL_NOTES=@OLD_SQL_NOTES */;

-- Dump completed on 2026-01-02 18:09:53
